{
  "rouge1_f_mean": 0.20192312041579602,
  "rouge1_f_std": 0.16801883969293627,
  "rouge1_f_median": 0.1624742268041237,
  "rouge1_f_min": 0.0,
  "rouge1_f_max": 1.0,
  "rouge2_f_mean": 0.06362231975549679,
  "rouge2_f_std": 0.1797617793922061,
  "rouge2_f_median": 0.01737047020065888,
  "rouge2_f_min": 0.0,
  "rouge2_f_max": 1.0,
  "rougeL_f_mean": 0.1543990987734622,
  "rougeL_f_std": 0.16626991642329672,
  "rougeL_f_median": 0.12048630012701869,
  "rougeL_f_min": 0.0,
  "rougeL_f_max": 1.0,
  "bleu1_mean": 0.17790185879370587,
  "bleu1_std": 0.1723683929955463,
  "bleu1_median": 0.14415584415584415,
  "bleu1_min": 0.0,
  "bleu1_max": 1.0,
  "bleu2_mean": 0.08590389374500258,
  "bleu2_std": 0.17285128898349142,
  "bleu2_median": 0.04118623511296658,
  "bleu2_min": 0.0,
  "bleu2_max": 1.0,
  "bleu4_mean": 0.048255345130319115,
  "bleu4_std": 0.1734945072501101,
  "bleu4_median": 0.009088011505805493,
  "bleu4_min": 0.0,
  "bleu4_max": 1.0,
  "jaccard_similarity_mean": 0.11938830444246129,
  "jaccard_similarity_std": 0.16667921069024555,
  "jaccard_similarity_median": 0.08957219251336898,
  "jaccard_similarity_min": 0.0,
  "jaccard_similarity_max": 1.0,
  "bertscore_precision_mean": 0.8188441300392151,
  "bertscore_precision_std": 0.045983137502481536,
  "bertscore_precision_median": 0.8167162239551544,
  "bertscore_precision_min": 0.7150281071662903,
  "bertscore_precision_max": 1.0,
  "bertscore_recall_mean": 0.8414049923419953,
  "bertscore_recall_std": 0.03868979787423583,
  "bertscore_recall_median": 0.8324998319149017,
  "bertscore_recall_min": 0.7839682102203369,
  "bertscore_recall_max": 1.0,
  "bertscore_f1_mean": 0.8295032691955566,
  "bertscore_f1_std": 0.03788259462485256,
  "bertscore_f1_median": 0.8245050311088562,
  "bertscore_f1_min": 0.7730380892753601,
  "bertscore_f1_max": 1.0,
  "length_ratio_mean": 2.0158873911067117,
  "length_ratio_std": 1.6785164153226253,
  "length_ratio_median": 1.5096153846153846,
  "length_ratio_min": 0.32,
  "length_ratio_max": 10.142857142857142,
  "length_diff_mean": 23.31,
  "length_diff_std": 18.7005617589689,
  "length_diff_median": 19.0,
  "length_diff_min": 0,
  "length_diff_max": 77
}